,Title,Company,Ratings,Expirience,Location,Minimum Requirements,Tech Stack
0,Java Developer,Impetus Technologies,3.6,4-9 Yrs,"Bangalore Rural, Delhi / NCR",Role & responsibilities : 3-6 years of experience on Java/J2EE based applications desig...,[]
1,Java Developers (Freshers ),Amiti Software Technologies,4.1,0 Yrs,Bangalore/Bengaluru(Bannerghatta Road),Excellent benefits such as fully paid technical courses and certifications such as Java...,[]
2,Java Developer,Dautom,None,3-6 Yrs,Bengaluru,"  Contribute to all stages of software development lifecycle   Design, implement and ma...",[]
3,Java Developer,Tata Consultancy Services (TCS),3.8,4-7 Yrs,"Kolkata, Hyderabad, Bengaluru",Skill : JAVA SPRINGBOOT MICROSERVICES . Exp range :4-7 (ONLY) . Role : Permanent Role ....,[]
4,Java Developer,Financial Information Technologies,None,2-6 Yrs,Mumbai,"  Contribute to all stages of software development lifecycle   Design, implement and ma...",[]
5,Java Developer,Kellton,3.2,3-8 Yrs,Gurugram, You have 3+ years of software development experience.You have strong software developm...,[]
6,Java Developers,Blossoms Solutions,None,2-4 Yrs,Hyderabad,"Requirements . Strong background in JAVA, PHP and HTML development . Javascript, Python...",[]
7,Java Developer,Corporate Infotech (CIPL),3.7,4-9 Yrs,"New Delhi, Gurugram, Delhi / NCR",Role & responsibilities :- Should have good hands on experience on Java Development.,[]
8,Immediate Requirement-Java Developer-Contract role-Hyderabad.,Cigniti Technologies,3.8,7-12 Yrs,Hyderabad," Dear All, We have immediate role for ""Java Developer"" (Contract )for our organization ...",[]
9,Java Developer,Wheebox,3.6,3-5 Yrs,Gurugram,Requirements: 4-5 years of professional experience as a Java DeveloperProven experience...,[]
10,Java Developer,Wheebox,3.6,3-5 Yrs,"Gurugram, Haryana",Requirements: 4-5 years of professional experience as a Java DeveloperProven experience...,[]
11,Java Developer,Fpt Software,3.3,6-11 Yrs,Hyderabad,"Extensive experience with Core Java and J2EE, including solution designing Strong knowl...",[]
12,"Java Developer
",Golden Opportunities Pvt Ltd,None,4-9 Yrs,Chennai,Educational Qualification: Any DegreeMust have minimum 4+ Years of work experience in J...,[]
13,Java Developer,Infosys,3.8,4-9 Yrs,"Pune, Chennai, Gurugram","You will create requirement specifications from the business needs, define the to-be-pr...",[]
14,Java Developer,Tata Consultancy Services (TCS),3.8,4-7 Yrs,"Bhubaneswar, Kolkata, Pune", Greetings from TATA Consultancy ServicesJob Openings at TCSSkill : JAVA SPRINGBOOT MIC...,[]
15,Enterprise Java Developer,Infosys,3.8,5-10 Yrs,Bengaluru,"Responsible for design, development, implementation, operation improvement and debug cl...",[]
16,"Java Developer with Apache camel ,Kafka",Virtusa Consulting,3.8,6-11 Yrs,"Mumbai, Hyderabad, Pune, Chennai, Bengaluru","Must be able to code in prevailing technologies including Java, Spring Boot, Apache  Ro...",[]
17,Java Developer,Infosys,3.8,3-8 Yrs,"Hyderabad, Pune, Bengaluru","Applications, Bachelor of Engineering Preferred Skills: Technology->Java->Java - ALL",[]
18,Java Developer - Pan India,Tata Consultancy Services (TCS),3.8,3-8 Yrs,"Pune, Chennai, Bengaluru","Required Skill Set: . Must Have: Java, Spring boot, Microservices, API, Type Script Exp...",[]
19,Java Developer,Infosys,3.8,3-5 Yrs,Bengaluru,Bachelor Of Science Bachelor Of CompBachelor Of Technology Bachelor of EngineeringPrefe...,[]
